INSERT INTO CATEGORIAS (ID, NAME) VALUES
(1, 'LICOR'),
(2, 'REFRESCO'),
(3, 'CERVEZA'),
(4, 'TAPA'),
(5, 'COMIDA'),
(6, 'POSTRE'),
(7, 'AGUA'),
(8, 'INFUSION'),
(9, 'BOCADILLO'),
(10, 'CAFE'),
(11, 'BOLLERIA'),
(12, 'ZUMO');

INSERT INTO PRODUCTOS (CODIGO, NOMBRE, DESCRIPCION, FECHA_ALTA, PRECIO, DESCATALOGADO, ID_CATEGORIA) VALUES
(100,'Patatas Bravas', 'Deliciosas patatas bravas de verdad', '2017-10-21', 10.0, FALSE, 4),
(101,'Patatas Bravas XXL', 'Deliciosas patatas bravas de verdad King Size', '2017-10-23', 9.0, FALSE, 4),
(102,'Cerveza Moritz 33cl', 'La cerveza oficial de Barcelona', '2017-10-21', 3.0, FALSE, 3),
(103,'Cerveza Estrella Galicia 33cl', 'Cerveza del Norte!', '2017-10-21', 3.0, FALSE, 3),
(104,'Bocadillo de queso', null, '2017-10-25', 6.7, FALSE, 9),
(105,'Bocadillo de lomo com queso', 'Delicioso bocadillo caliente de pepito de lomo', '2017-10-16', 8.5, FALSE, 9),
(106,'Bocadillo de atún con tomate', null, '2017-10-25', 6.7, FALSE, 9),
(107,'Bocadillo de atún en escabeche con olivas', 'Bocadillo especial de la casa.', '2017-10-25', 7.0, FALSE, 9),
(108,'Biquini', 'Bocadillo sandwich caliente de jamón con queso', '2017-10-25', 7.7, FALSE, 9),
(109,'Menorquín', 'Bocadillo sandwich caliente de sobrasada y queso', '2017-10-25', 6.7, FALSE, 9),
(110,'Bocadillo serrano', 'Bocadillo de jamón se jabugo de la mejor calidad', '2017-10-25', 8.0, FALSE, 9),
(111,'Bocadillo salchichas con pimiento', 'Bocadillo caliente de salchichas con pimientos', '2017-10-22', 7.0, FALSE, 9),
(112,'Bocadillo calamares', 'Delicioso bocadillo caliente de calamares con mayonesa', '2017-10-14', 6.5, FALSE, 9),
(113,'Bocadillo de chorizo ibérico', 'Bocadillo de chorizo ibéroco de la mejor calidad', '2017-10-14', 6.9, FALSE, 9),
(114,'Bocadillo serranito', 'Bocadillo caliente de lomo con jamon serrano y pimientos verdes', '2017-10-12', 9.9, FALSE, 9),
(115,'Té verde', 'Té verde suave', '2017-10-25', 2.5, FALSE, 8),
(116,'Té rojo', 'Té rojo de gran aroma', '2017-10-25', 2.5, FALSE, 8),
(117,'Té blanco', 'Té blanco de gran aroma y fuerza', '2017-10-26', 2.5, FALSE, 8),
(118,'Manzanilla', null, '2017-10-25', 2.5, FALSE, 8),
(119,'Poleo menta', 'Poleo menta con el mejor equilbrio y aroma', '2017-10-25', 2.5, FALSE, 8),
(120,'CocaCola 33cl', 'Lata de CocaCola 33cl', '2017-10-25', 1.7, FALSE, 2),
(121,'CocaCola Zero 33cl', 'Lata de CocaCola Zero 33cl', '2017-10-26', 1.7, FALSE, 2),
(122,'Fanta Naranja 33cl', 'Lata de Fanta de Naranja de 33cl', '2017-10-25', 1.7, FALSE, 2),
(123,'Fanta Naranja Zero 33cl', 'Lata de Fanta de Naranja Zero 33cl', '2017-10-25', 1.7, FALSE, 2),
(124,'Fanta Limón 33cl', 'Lata de Fanta de Limón 33cl', '2017-10-25', 1.7, FALSE, 2),
(125,'Fanta Limón Zero 33cl', 'Lata de Fanta de Limón Zero 33cl', '2017-10-26', 1.7, FALSE, 2),
(126,'Sprite 33cl', 'Lata de Sprite 33cl', '2017-10-25', 1.7, FALSE, 2),
(127,'Aquarius 33cl', 'Lata de Aquarius 33cl', '2017-10-25', 1.9, FALSE, 2),
(128,'Tónica Sweepes 33cl', 'Lata de Tónica Sweepes 33cl', '2017-10-25', 1.7, FALSE, 2),
(129,'Botellín Tónica Sweepes 33cl', 'Botellín de Tónica Sweepes 33cl', '2017-10-11', 1.7, FALSE, 2),
(130,'Copa de Anís el Mono', 'Copita de Anís el Mono', '2017-10-20', 3.8, FALSE, 1),
(131,'Copa de Brandy Torres 5', 'Copita de Brandy Torres 5', '2017-10-21', 3.8, FALSE, 1),
(132,'Copa de Brandy Torres 10', 'Copita de Brandy Torrres 10', '2017-10-24', 4.5, FALSE, 1),
(133,'Chupito de Ballantines', 'Chupito de Ballantines', '2017-10-23', 3.8, FALSE, 1),
(134,'Copa de Ballantines con hielo', 'Copa de Ballantines con hielo', '2017-10-25', 6.0, FALSE, 1),
(135,'Cubalibre de Baccardi', 'Cubalibre de Ron Baccardi', '2017-10-23', 4.7, FALSE, 1),
(136,'Gaseosa Casera 33cl', 'Gaseosa Casera 33cl', '2017-10-25', 1.7, TRUE, 2),
(137,'Agua Viladrau 33cl', 'Botellín de Agua de Viladray 33cl', '2017-10-27', 1.2, FALSE, 7),
(138,'Agua Viladrau 1L', 'Botella de Agua de Viladray 1L', '2017-10-15', 2.3, FALSE, 7),
(139,'Agua de con gas Vichy 33cl', 'Botellín de 33cl de Agua de Vichy', '2017-10-27', 2.0, FALSE, 7),
(140,'Arroz a la Cubana', null, '2017-10-25', 6.0, FALSE, 5),
(141,'Canelones', 'Canelones de Ternera de la mejor calidad', '2017-10-25', 14.0, FALSE, 5),
(142,'Canelones de espinacas', 'Canelones de espinacas', '2017-10-25', 12.5, FALSE, 5),
(143,'Crema de Calabacín', null, '2017-10-25', 9.0, FALSE, 5),		
(144,'Lentejas Estofadas', 'Lentejas Estofadas con chorizo', '2017-10-25', 12.0, FALSE, 5),
(145,'Solomillo de ternera con patatas', 'Solomillo tierno de la mejor calidad', '2017-10-25', 17.5, FALSE, 5),
(146,'Rape a la Marinera', 'Rape a la Marinena especialidad de la casa', '2017-10-25', 18.2, FALSE, 5),
(147,'Pollo Jimmy Carter', 'Delicioso pollo al estilo tejano con salsa de cacahuetes', '2017-10-25', 12.0, FALSE, 5),
(148,'Pollo Kim Jong-un', 'Delicioso pollo al estilo coreano', '2017-10-25', 12.0, FALSE, 5),
(149,'Pollo Fidel', 'Delicioso pollo al estilo cubano con salsa timba.', '2017-10-25', 12.0, FALSE, 5),
(150,'Pollo Ranchero', 'Delicioso pollo asado con salsa molcajete al estilo mexicano.', '2017-10-25', 12.0, FALSE, 5),
(151,'Pollos Asados Hermanados', 'Deliciosas raciones de pollo para compartir en grupo. La especialidad de la casa.', '2017-10-25', 15.0, FALSE, 5),
(152,'Olivas rellenas', 'Olivas rellenas de anchoa extra', '2017-10-25', 2.6, FALSE, 4),
(153,'Pimientos del padrón', 'Pimientos del padrón fritos.', '2017-10-25', 3.8, FALSE, 4),
(154,'Mejillón Tigre (unidad)', 'Mejillón rebozado en nuestra cocina', '2017-10-25', 2.4, FALSE, 4),
(155,'Mejillones al vapor', 'Mejillones al vapor', '2017-10-25', 6.6, FALSE, 4),
(156,'Café Solo', 'Café Solo', '2017-10-25', 1.5, FALSE, 10),
(157,'Café Americano', 'Café Americano', '2017-10-16', 1.8, FALSE, 10),
(158,'Café Solo Descafeinado', 'Café Descafeinado', '2017-10-25', 1.5, FALSE, 10),
(159,'Café Cortado', 'Café Cortado', '2017-10-25', 2.0, FALSE, 10),
(160,'Café Cortado Descafeinado', 'Café Cortado Descafeinado', '2017-10-25', 2.0, FALSE, 10),
(161,'Café con Leche', 'Café con Leche', '2017-10-14', 2.5, FALSE, 10),
(162,'Café con Leche Descafeinado', 'Café con Leche Descafeinado', '2017-10-14', 2.5, FALSE, 10),
(163,'Croissant', 'El mejor Croissant de Barcelona!', '2017-10-12', 2.7, FALSE, 11),
(164,'Croissant de chocolate', 'El mejor Croissant de Barcelona!', '2017-10-11', 2.9, FALSE, 11),
(165,'Ensaimada', null, '2017-10-25', 2.7, FALSE, 11),
(166,'Donut', null, '2017-10-25', 2.7, FALSE, 11),
(167,'Madalena Integral', null, '2017-10-25', 2.7, FALSE, 11),
(168,'Madalena Integral Pequeña', null, '2017-10-25', 1.5, FALSE, 11),
(169,'Pastéis de Belem (2 piezas)', 'Deliciosos pastelitos traidos en helicoptero cada mañana desde Lisboa.', '2018-10-22', 3.5, FALSE, 11);

INSERT INTO ESTABLECIMIENTOS (CODIGO, NOMBRE_COMERCIAL, DIRECCION, DATOS_CONTACTO, FECHA_INAUGURACION) VALUES
(1, 'MERCADONA', 'Calle de Mercadona nº 1', 'Tfno: 666111222', '2009-01-31'),
(2, 'LIDL', 'Calle de Lidl nº 2', 'Tfno: 666333444', '2008-02-28'),
(3, 'CARREFOUR', 'Calle de Carrefour nº 3', 'Tfno: 666555666', '2007-03-27'),
(4, 'ALCAMPO', 'Calle de Alcampo nº 4', 'Tfno: 666777888', '2006-04-26'),
(5, 'HIPERCOR', 'Calle de Hipercor nº 5', 'Tfno: 666999111', '2005-05-25'),
(6, 'DIA', 'Calle de Día nº 6', 'Tfno: 666222333', '2004-06-24'),
(7, 'ALDI', 'Calle de Aldi nº 7', 'Tfno: 666444555', '2003-07-23'),
(8, 'CODI', 'Calle de Codi nº 8', 'Tfno: 666666777', '2002-08-22'),
(9, 'COVIRÁN', 'Calle de Covirán nº 9', 'Tfno: 666888999', '2001-09-21'),
(10, 'COSTCO', 'Calle de Costco nº 10', 'Tfno: 777111222', '2010-10-20');

INSERT INTO INVENTARIO (ID, COD_ESTABLECIMIENTO, COD_PRODUCTO, STOCK) VALUES
(1, 1, 103, 200),
(2, 1, 115, 50),
(3, 1, 116, 1),
(4, 1, 117, 20),
(5, 1, 118, 60),
(6, 1, 119, 30),
(7, 1, 120, 150),
(8, 1, 121, 15),
(9, 1, 122, 300),
(10, 1, 123, 45),
(11, 2, 100, 10),
(12, 2, 101, 2),
(13, 2, 102, 145),
(14, 2, 104, 245),
(15, 2, 105, 25),
(16, 2, 106, 35),
(17, 2, 107, 45),
(18, 2, 108, 55),
(19, 2, 109, 65),
(20, 2, 110, 75),
(21, 3, 111, 7),
(21, 3, 112, 17),
(23, 3, 113, 27),
(24, 3, 124, 37),
(25, 3, 125, 47),
(26, 3, 126, 57),
(27, 3, 127, 67),
(28, 3, 128, 77),
(29, 3, 129, 87),
(30, 3, 130, 97),
(31, 4, 131, 8),
(32, 4, 132, 18),
(33, 4, 133, 28),
(34, 4, 134, 38),
(35, 4, 135, 48),
(36, 4, 136, 58),
(37, 4, 137, 68),
(38, 4, 138, 78),
(39, 4, 139, 88),
(40, 4, 140, 98),
(41, 5, 141, 9),
(42, 5, 142, 19),
(43, 5, 143, 29),
(44, 5, 144, 39),
(45, 5, 145, 49),
(46, 5, 146, 59),
(47, 5, 147, 69),
(48, 5, 148, 79),
(49, 5, 149, 89),
(50, 5, 150, 99),
(51, 6, 141, 0),
(52, 6, 142, 10),
(53, 6, 143, 20),
(54, 6, 144, 30),
(55, 6, 145, 40),
(56, 6, 146, 50),
(57, 6, 147, 60),
(58, 6, 148, 70),
(59, 6, 149, 80),
(60, 6, 150, 90),
(61, 7, 151, 1),
(62, 7, 152, 11),
(63, 7, 153, 21),
(64, 7, 154, 31),
(65, 7, 155, 41),
(66, 7, 156, 51),
(67, 7, 157, 61),
(68, 7, 158, 71),
(69, 7, 159, 81),
(70, 7, 160, 91),
(71, 8, 161, 2),
(72, 8, 162, 12),
(73, 8, 163, 22),
(74, 8, 164, 32),
(75, 8, 165, 42),
(76, 8, 166, 52),
(77, 8, 167, 62),
(78, 8, 168, 72),
(79, 8, 169, 82),
(80, 8, 100, 92),
(71, 9, 101, 2),
(72, 9, 102, 12),
(73, 9, 103, 22),
(74, 9, 104, 32),
(75, 9, 105, 42),
(76, 9, 106, 52),
(77, 10, 101, 62),
(78, 10, 118, 72),
(79, 10, 129, 82),
(80, 10, 140, 92);
